time,beta_angle,average_temperature
0,1.5707963267948966,273.15
100,1.5707963267948966,273.05672317115756
200,1.5707963267948966,272.9374856558387
